,0,1,2,3,4,5,6,7,8
0,2.0,1.0,104.0,35.0,69.0,0.0,0.0,0.0,0.6308724832214765
1,2.0,1.0,102.0,47.0,122.0,0.0,0.0,0.0,0.5704697986577181
2,2.0,2.0,43.0,94.0,53.0,54.0,0.0,0.0,0.610738255033557
3,2.0,1.0,68.0,115.0,99.0,0.0,0.0,0.0,0.5838926174496645
4,1.0,2.0,94.0,49.0,93.0,0.0,0.0,0.0,0.6241610738255033
5,2.0,1.0,45.0,32.0,75.0,0.0,0.0,0.0,0.6375838926174496
6,2.0,1.0,76.0,60.0,106.0,0.0,0.0,0.0,0.6174496644295302
7,2.0,2.0,118.0,87.0,107.0,109.0,0.0,0.0,0.610738255033557
8,2.0,1.0,68.0,115.0,99.0,0.0,0.0,0.0,0.6040268456375839
9,2.0,1.0,104.0,35.0,69.0,0.0,0.0,0.0,0.6308724832214765
10,2.0,1.0,68.0,115.0,99.0,0.0,0.0,0.0,0.610738255033557
11,2.0,1.0,45.0,32.0,75.0,0.0,0.0,0.0,0.5234899328859061
12,2.0,2.0,118.0,87.0,107.0,109.0,0.0,0.0,0.6040268456375839
13,2.0,1.0,104.0,115.0,69.0,0.0,0.0,0.0,0.5906040268456376
14,2.0,1.0,45.0,32.0,75.0,0.0,0.0,0.0,0.6040268456375839
15,2.0,2.0,45.0,87.0,75.0,109.0,0.0,0.0,0.6241610738255033
16,2.0,1.0,104.0,35.0,69.0,0.0,0.0,0.0,0.6174496644295302
17,2.0,2.0,104.0,35.0,75.0,109.0,0.0,0.0,0.5973154362416108
18,2.0,2.0,104.0,115.0,69.0,109.0,0.0,0.0,0.610738255033557
19,2.0,1.0,104.0,35.0,99.0,0.0,0.0,0.0,0.5704697986577181
20,2.0,1.0,45.0,32.0,69.0,0.0,0.0,0.0,0.6442953020134228
21,2.0,1.0,104.0,115.0,69.0,0.0,0.0,0.0,0.5704697986577181
22,2.0,1.0,104.0,35.0,69.0,0.0,0.0,0.0,0.610738255033557
23,2.0,1.0,68.0,115.0,99.0,0.0,0.0,0.0,0.5771812080536913
24,2.0,1.0,104.0,35.0,69.0,0.0,0.0,0.0,0.6308724832214765
25,2.0,2.0,104.0,35.0,75.0,109.0,0.0,0.0,0.6040268456375839
26,2.0,2.0,104.0,35.0,75.0,109.0,0.0,0.0,0.5704697986577181
27,2.0,1.0,104.0,35.0,99.0,0.0,0.0,0.0,0.6040268456375839
28,2.0,1.0,104.0,35.0,99.0,0.0,0.0,0.0,0.5973154362416108
29,2.0,1.0,104.0,35.0,99.0,0.0,0.0,0.0,0.610738255033557
30,2.0,1.0,104.0,93.0,99.0,0.0,0.0,0.0,0.6040268456375839
31,2.0,1.0,104.0,115.0,69.0,0.0,0.0,0.0,0.6241610738255033
32,2.0,1.0,104.0,35.0,99.0,0.0,0.0,0.0,0.6174496644295302
33,2.0,1.0,104.0,35.0,99.0,0.0,0.0,0.0,0.6241610738255033
34,2.0,1.0,104.0,35.0,99.0,0.0,0.0,0.0,0.6241610738255033
35,2.0,1.0,104.0,35.0,99.0,0.0,0.0,0.0,0.6174496644295302
36,2.0,2.0,104.0,35.0,75.0,109.0,0.0,0.0,0.5704697986577181
37,2.0,2.0,104.0,35.0,99.0,109.0,0.0,0.0,0.5369127516778524
38,2.0,1.0,104.0,93.0,99.0,0.0,0.0,0.0,0.6174496644295302
39,2.0,1.0,104.0,35.0,99.0,0.0,0.0,0.0,0.5570469798657718
40,2.0,1.0,104.0,35.0,99.0,0.0,0.0,0.0,0.5973154362416108
41,2.0,1.0,104.0,35.0,99.0,0.0,0.0,0.0,0.6442953020134228
42,2.0,2.0,104.0,35.0,99.0,109.0,0.0,0.0,0.6375838926174496
43,2.0,1.0,104.0,35.0,99.0,0.0,0.0,0.0,0.610738255033557
44,2.0,1.0,104.0,35.0,99.0,0.0,0.0,0.0,0.6375838926174496
45,2.0,2.0,104.0,35.0,75.0,109.0,0.0,0.0,0.5906040268456376
46,2.0,1.0,104.0,35.0,99.0,0.0,0.0,0.0,0.5167785234899329
47,2.0,2.0,104.0,35.0,75.0,109.0,0.0,0.0,0.5771812080536913
48,2.0,1.0,104.0,93.0,75.0,0.0,0.0,0.0,0.5771812080536913
49,2.0,2.0,80.0,35.0,75.0,109.0,0.0,0.0,0.5906040268456376
50,2.0,1.0,104.0,35.0,99.0,0.0,0.0,0.0,0.5973154362416108
51,2.0,2.0,104.0,35.0,99.0,109.0,0.0,0.0,0.610738255033557
52,2.0,2.0,104.0,35.0,75.0,109.0,0.0,0.0,0.6040268456375839
53,2.0,1.0,104.0,35.0,99.0,0.0,0.0,0.0,0.5033557046979866
54,2.0,1.0,104.0,35.0,99.0,0.0,0.0,0.0,0.6510067114093959
55,2.0,1.0,104.0,35.0,99.0,0.0,0.0,0.0,0.6308724832214765
56,2.0,1.0,104.0,35.0,99.0,0.0,0.0,0.0,0.6375838926174496
57,2.0,2.0,104.0,35.0,99.0,109.0,0.0,0.0,0.610738255033557
58,2.0,1.0,104.0,35.0,99.0,0.0,0.0,0.0,0.5436241610738255
59,2.0,1.0,104.0,35.0,111.0,0.0,0.0,0.0,0.6040268456375839
60,2.0,1.0,80.0,35.0,75.0,0.0,0.0,0.0,0.5704697986577181
61,2.0,1.0,104.0,35.0,99.0,0.0,0.0,0.0,0.6375838926174496
62,2.0,2.0,104.0,35.0,99.0,109.0,0.0,0.0,0.6174496644295302
63,2.0,2.0,80.0,35.0,75.0,109.0,0.0,0.0,0.6308724832214765
64,2.0,1.0,104.0,35.0,99.0,0.0,0.0,0.0,0.6040268456375839
65,2.0,1.0,104.0,35.0,99.0,0.0,0.0,0.0,0.6308724832214765
66,2.0,1.0,80.0,35.0,75.0,0.0,0.0,0.0,0.6174496644295302
67,2.0,1.0,104.0,35.0,75.0,0.0,0.0,0.0,0.6375838926174496
68,2.0,2.0,104.0,35.0,99.0,109.0,0.0,0.0,0.6241610738255033
69,2.0,1.0,104.0,35.0,99.0,0.0,0.0,0.0,0.6241610738255033
70,2.0,2.0,104.0,35.0,99.0,109.0,0.0,0.0,0.5771812080536913
71,2.0,2.0,104.0,35.0,99.0,109.0,0.0,0.0,0.6174496644295302
72,2.0,2.0,104.0,35.0,99.0,109.0,0.0,0.0,0.5369127516778524
73,2.0,1.0,104.0,35.0,75.0,0.0,0.0,0.0,0.6241610738255033
74,2.0,1.0,104.0,35.0,75.0,0.0,0.0,0.0,0.5704697986577181
75,2.0,1.0,80.0,35.0,75.0,0.0,0.0,0.0,0.5973154362416108
76,2.0,1.0,104.0,35.0,99.0,0.0,0.0,0.0,0.5637583892617449
77,2.0,1.0,104.0,35.0,75.0,0.0,0.0,0.0,0.5771812080536913
78,2.0,1.0,80.0,35.0,99.0,0.0,0.0,0.0,0.6442953020134228
79,2.0,1.0,104.0,35.0,99.0,0.0,0.0,0.0,0.5771812080536913
80,2.0,1.0,104.0,35.0,75.0,0.0,0.0,0.0,0.5771812080536913
81,2.0,1.0,104.0,35.0,75.0,0.0,0.0,0.0,0.5906040268456376
82,2.0,1.0,104.0,35.0,75.0,0.0,0.0,0.0,0.5503355704697986
83,2.0,1.0,104.0,35.0,99.0,0.0,0.0,0.0,0.6040268456375839
84,2.0,1.0,104.0,62.0,99.0,0.0,0.0,0.0,0.6308724832214765
85,2.0,1.0,104.0,35.0,99.0,0.0,0.0,0.0,0.5906040268456376
86,2.0,1.0,80.0,35.0,75.0,0.0,0.0,0.0,0.5033557046979866
87,2.0,1.0,104.0,35.0,99.0,0.0,0.0,0.0,0.5771812080536913
88,2.0,1.0,104.0,35.0,75.0,0.0,0.0,0.0,0.5771812080536913
89,2.0,1.0,80.0,35.0,75.0,0.0,0.0,0.0,0.6308724832214765
90,2.0,1.0,104.0,35.0,75.0,0.0,0.0,0.0,0.5033557046979866
91,2.0,1.0,104.0,35.0,99.0,0.0,0.0,0.0,0.6241610738255033
92,2.0,1.0,104.0,35.0,75.0,0.0,0.0,0.0,0.6040268456375839
93,2.0,1.0,104.0,35.0,75.0,0.0,0.0,0.0,0.6174496644295302
94,2.0,1.0,104.0,62.0,99.0,0.0,0.0,0.0,0.6174496644295302
95,2.0,1.0,104.0,35.0,75.0,0.0,0.0,0.0,0.6308724832214765
96,2.0,1.0,104.0,35.0,75.0,0.0,0.0,0.0,0.6040268456375839
97,2.0,1.0,104.0,35.0,75.0,0.0,0.0,0.0,0.5704697986577181
98,2.0,1.0,80.0,35.0,99.0,0.0,0.0,0.0,0.5906040268456376
99,2.0,1.0,104.0,35.0,99.0,0.0,0.0,0.0,0.6241610738255033
100,2.0,1.0,80.0,35.0,75.0,0.0,0.0,0.0,0.6241610738255033
101,2.0,1.0,104.0,35.0,99.0,0.0,0.0,0.0,0.5436241610738255
102,2.0,1.0,80.0,35.0,75.0,0.0,0.0,0.0,0.6308724832214765
103,2.0,1.0,104.0,35.0,75.0,0.0,0.0,0.0,0.6308724832214765
104,2.0,1.0,104.0,35.0,75.0,0.0,0.0,0.0,0.5973154362416108
105,2.0,1.0,104.0,35.0,99.0,0.0,0.0,0.0,0.5503355704697986
106,2.0,1.0,80.0,35.0,75.0,0.0,0.0,0.0,0.47651006711409394
107,2.0,1.0,104.0,35.0,75.0,0.0,0.0,0.0,0.5973154362416108
108,2.0,1.0,80.0,35.0,75.0,0.0,0.0,0.0,0.610738255033557
109,2.0,1.0,104.0,35.0,75.0,0.0,0.0,0.0,0.6174496644295302
110,2.0,1.0,80.0,35.0,75.0,0.0,0.0,0.0,0.6308724832214765
111,2.0,1.0,104.0,35.0,75.0,0.0,0.0,0.0,0.610738255033557
112,2.0,1.0,80.0,35.0,75.0,0.0,0.0,0.0,0.5906040268456376
113,2.0,1.0,80.0,35.0,75.0,0.0,0.0,0.0,0.5906040268456376
114,2.0,1.0,104.0,35.0,75.0,0.0,0.0,0.0,0.6510067114093959
115,2.0,1.0,80.0,35.0,75.0,0.0,0.0,0.0,0.42953020134228187
116,2.0,1.0,104.0,35.0,75.0,0.0,0.0,0.0,0.5704697986577181
117,2.0,1.0,104.0,35.0,99.0,0.0,0.0,0.0,0.6040268456375839
118,2.0,1.0,104.0,35.0,75.0,0.0,0.0,0.0,0.6375838926174496
119,2.0,1.0,104.0,35.0,75.0,0.0,0.0,0.0,0.610738255033557
120,2.0,1.0,104.0,35.0,75.0,0.0,0.0,0.0,0.6308724832214765
121,2.0,1.0,104.0,35.0,75.0,0.0,0.0,0.0,0.5973154362416108
122,2.0,1.0,104.0,35.0,75.0,0.0,0.0,0.0,0.5234899328859061
123,2.0,1.0,104.0,35.0,75.0,0.0,0.0,0.0,0.6241610738255033
124,2.0,1.0,104.0,44.0,75.0,0.0,0.0,0.0,0.5302013422818792
125,2.0,1.0,104.0,35.0,75.0,0.0,0.0,0.0,0.6174496644295302
126,2.0,1.0,80.0,35.0,75.0,0.0,0.0,0.0,0.610738255033557
127,2.0,1.0,104.0,35.0,75.0,0.0,0.0,0.0,0.6241610738255033
128,2.0,1.0,104.0,35.0,75.0,0.0,0.0,0.0,0.5771812080536913
129,2.0,1.0,80.0,35.0,75.0,0.0,0.0,0.0,0.6174496644295302
130,2.0,1.0,104.0,35.0,75.0,0.0,0.0,0.0,0.5570469798657718
131,2.0,1.0,104.0,35.0,75.0,0.0,0.0,0.0,0.5302013422818792
132,2.0,1.0,80.0,35.0,75.0,0.0,0.0,0.0,0.5906040268456376
133,2.0,1.0,104.0,35.0,75.0,0.0,0.0,0.0,0.6308724832214765
134,2.0,1.0,104.0,44.0,75.0,0.0,0.0,0.0,0.6442953020134228
135,2.0,1.0,104.0,35.0,75.0,0.0,0.0,0.0,0.5838926174496645
136,2.0,1.0,104.0,35.0,75.0,0.0,0.0,0.0,0.6241610738255033
137,2.0,1.0,104.0,35.0,75.0,0.0,0.0,0.0,0.47651006711409394
138,2.0,1.0,104.0,35.0,75.0,0.0,0.0,0.0,0.6174496644295302
139,2.0,1.0,104.0,35.0,75.0,0.0,0.0,0.0,0.6308724832214765
140,2.0,1.0,104.0,35.0,75.0,0.0,0.0,0.0,0.6442953020134228
141,2.0,1.0,104.0,35.0,75.0,0.0,0.0,0.0,0.6040268456375839
142,2.0,1.0,104.0,35.0,75.0,0.0,0.0,0.0,0.6241610738255033
143,2.0,1.0,80.0,93.0,75.0,0.0,0.0,0.0,0.5906040268456376
144,2.0,1.0,104.0,35.0,75.0,0.0,0.0,0.0,0.6241610738255033
145,2.0,1.0,80.0,93.0,75.0,0.0,0.0,0.0,0.6040268456375839
146,2.0,1.0,104.0,35.0,75.0,0.0,0.0,0.0,0.5906040268456376
147,2.0,1.0,104.0,35.0,75.0,0.0,0.0,0.0,0.6241610738255033
148,2.0,1.0,80.0,93.0,75.0,0.0,0.0,0.0,0.6241610738255033
149,2.0,1.0,80.0,35.0,75.0,0.0,0.0,0.0,0.6174496644295302
150,2.0,1.0,104.0,35.0,75.0,0.0,0.0,0.0,0.6241610738255033
151,2.0,1.0,104.0,93.0,75.0,0.0,0.0,0.0,0.6174496644295302
152,2.0,1.0,104.0,35.0,75.0,0.0,0.0,0.0,0.6174496644295302
153,2.0,1.0,80.0,93.0,75.0,0.0,0.0,0.0,0.6308724832214765
154,2.0,1.0,104.0,35.0,75.0,0.0,0.0,0.0,0.6308724832214765
155,2.0,1.0,80.0,93.0,75.0,0.0,0.0,0.0,0.6174496644295302
156,2.0,1.0,104.0,93.0,75.0,0.0,0.0,0.0,0.5973154362416108
157,2.0,1.0,104.0,93.0,75.0,0.0,0.0,0.0,0.5973154362416108
158,2.0,1.0,104.0,35.0,75.0,0.0,0.0,0.0,0.610738255033557
159,2.0,1.0,104.0,35.0,75.0,0.0,0.0,0.0,0.6375838926174496
160,2.0,1.0,35.0,93.0,75.0,0.0,0.0,0.0,0.6308724832214765
161,2.0,1.0,104.0,35.0,75.0,0.0,0.0,0.0,0.6241610738255033
162,2.0,1.0,80.0,93.0,75.0,0.0,0.0,0.0,0.610738255033557
163,2.0,1.0,80.0,93.0,75.0,0.0,0.0,0.0,0.610738255033557
164,2.0,1.0,104.0,35.0,75.0,0.0,0.0,0.0,0.6174496644295302
165,2.0,1.0,104.0,35.0,75.0,0.0,0.0,0.0,0.5570469798657718
166,2.0,1.0,104.0,93.0,75.0,0.0,0.0,0.0,0.6174496644295302
167,2.0,1.0,104.0,93.0,75.0,0.0,0.0,0.0,0.6241610738255033
168,2.0,1.0,104.0,93.0,75.0,0.0,0.0,0.0,0.6174496644295302
169,2.0,1.0,104.0,93.0,75.0,0.0,0.0,0.0,0.5838926174496645
170,2.0,1.0,80.0,93.0,75.0,0.0,0.0,0.0,0.6174496644295302
171,2.0,1.0,80.0,93.0,75.0,0.0,0.0,0.0,0.6241610738255033
172,2.0,1.0,35.0,93.0,75.0,0.0,0.0,0.0,0.6174496644295302
173,2.0,1.0,104.0,35.0,75.0,0.0,0.0,0.0,0.5503355704697986
174,2.0,1.0,80.0,93.0,75.0,0.0,0.0,0.0,0.5503355704697986
175,2.0,1.0,104.0,35.0,75.0,0.0,0.0,0.0,0.6174496644295302
176,2.0,1.0,104.0,93.0,75.0,0.0,0.0,0.0,0.6241610738255033
177,2.0,1.0,104.0,93.0,75.0,0.0,0.0,0.0,0.5369127516778524
178,2.0,1.0,35.0,93.0,75.0,0.0,0.0,0.0,0.6308724832214765
179,2.0,1.0,80.0,93.0,75.0,0.0,0.0,0.0,0.610738255033557
180,2.0,1.0,80.0,93.0,75.0,0.0,0.0,0.0,0.6174496644295302
181,2.0,1.0,35.0,93.0,75.0,0.0,0.0,0.0,0.6040268456375839
182,2.0,1.0,104.0,35.0,75.0,0.0,0.0,0.0,0.5771812080536913
183,2.0,1.0,35.0,35.0,75.0,0.0,0.0,0.0,0.6308724832214765
184,2.0,1.0,35.0,93.0,75.0,0.0,0.0,0.0,0.5771812080536913
185,2.0,1.0,35.0,35.0,75.0,0.0,0.0,0.0,0.5704697986577181
186,2.0,1.0,104.0,35.0,75.0,0.0,0.0,0.0,0.6241610738255033
187,2.0,1.0,80.0,35.0,75.0,0.0,0.0,0.0,0.5771812080536913
188,2.0,1.0,35.0,93.0,75.0,0.0,0.0,0.0,0.6241610738255033
189,2.0,1.0,104.0,93.0,75.0,0.0,0.0,0.0,0.6308724832214765
190,2.0,1.0,35.0,93.0,75.0,0.0,0.0,0.0,0.5704697986577181
191,2.0,1.0,35.0,93.0,75.0,0.0,0.0,0.0,0.6308724832214765
192,2.0,1.0,35.0,93.0,75.0,0.0,0.0,0.0,0.5973154362416108
193,2.0,1.0,35.0,93.0,85.0,0.0,0.0,0.0,0.6174496644295302
194,2.0,1.0,80.0,35.0,75.0,0.0,0.0,0.0,0.6174496644295302
195,2.0,1.0,35.0,93.0,75.0,0.0,0.0,0.0,0.5973154362416108
196,2.0,1.0,35.0,93.0,75.0,0.0,0.0,0.0,0.5771812080536913
197,2.0,1.0,80.0,35.0,75.0,0.0,0.0,0.0,0.6174496644295302
198,2.0,1.0,35.0,93.0,75.0,0.0,0.0,0.0,0.5973154362416108
199,2.0,1.0,35.0,93.0,75.0,0.0,0.0,0.0,0.6174496644295302
200,2.0,1.0,35.0,93.0,75.0,0.0,0.0,0.0,0.6174496644295302
201,2.0,1.0,35.0,93.0,75.0,0.0,0.0,0.0,0.5973154362416108
202,2.0,1.0,80.0,35.0,75.0,0.0,0.0,0.0,0.5973154362416108
203,2.0,1.0,35.0,93.0,75.0,0.0,0.0,0.0,0.5906040268456376
204,2.0,1.0,35.0,93.0,75.0,0.0,0.0,0.0,0.5302013422818792
205,2.0,1.0,35.0,93.0,75.0,0.0,0.0,0.0,0.5838926174496645
206,2.0,1.0,80.0,35.0,75.0,0.0,0.0,0.0,0.5906040268456376
207,2.0,1.0,35.0,93.0,75.0,0.0,0.0,0.0,0.6308724832214765
208,2.0,1.0,80.0,35.0,75.0,0.0,0.0,0.0,0.5906040268456376
209,2.0,1.0,35.0,93.0,75.0,0.0,0.0,0.0,0.5771812080536913
210,2.0,1.0,35.0,93.0,75.0,0.0,0.0,0.0,0.5167785234899329
211,2.0,1.0,80.0,93.0,75.0,0.0,0.0,0.0,0.6040268456375839
212,2.0,1.0,35.0,93.0,75.0,0.0,0.0,0.0,0.5234899328859061
213,2.0,1.0,35.0,93.0,75.0,0.0,0.0,0.0,0.5906040268456376
214,2.0,1.0,35.0,93.0,75.0,0.0,0.0,0.0,0.5771812080536913
215,2.0,1.0,35.0,93.0,75.0,0.0,0.0,0.0,0.6241610738255033
216,2.0,1.0,35.0,93.0,75.0,0.0,0.0,0.0,0.5302013422818792
217,2.0,1.0,35.0,93.0,75.0,0.0,0.0,0.0,0.6040268456375839
218,2.0,1.0,35.0,93.0,75.0,0.0,0.0,0.0,0.6241610738255033
219,2.0,1.0,35.0,93.0,75.0,0.0,0.0,0.0,0.6241610738255033
220,2.0,1.0,80.0,35.0,75.0,0.0,0.0,0.0,0.610738255033557
221,2.0,1.0,35.0,93.0,75.0,0.0,0.0,0.0,0.5167785234899329
222,2.0,1.0,35.0,93.0,75.0,0.0,0.0,0.0,0.5973154362416108
223,2.0,1.0,35.0,93.0,75.0,0.0,0.0,0.0,0.5436241610738255
224,2.0,1.0,35.0,93.0,75.0,0.0,0.0,0.0,0.6174496644295302
225,2.0,1.0,35.0,93.0,75.0,0.0,0.0,0.0,0.6040268456375839
226,2.0,1.0,35.0,93.0,75.0,0.0,0.0,0.0,0.6308724832214765
227,2.0,1.0,80.0,35.0,75.0,0.0,0.0,0.0,0.6040268456375839
228,2.0,1.0,35.0,93.0,75.0,0.0,0.0,0.0,0.5570469798657718
229,2.0,1.0,35.0,93.0,75.0,0.0,0.0,0.0,0.6174496644295302
230,2.0,1.0,35.0,93.0,75.0,0.0,0.0,0.0,0.5906040268456376
231,2.0,1.0,80.0,35.0,75.0,0.0,0.0,0.0,0.5436241610738255
232,2.0,1.0,35.0,120.0,75.0,0.0,0.0,0.0,0.5973154362416108
233,2.0,1.0,35.0,93.0,75.0,0.0,0.0,0.0,0.6241610738255033
234,2.0,1.0,35.0,93.0,75.0,0.0,0.0,0.0,0.6308724832214765
235,2.0,1.0,80.0,35.0,75.0,0.0,0.0,0.0,0.6241610738255033
236,2.0,1.0,35.0,93.0,75.0,0.0,0.0,0.0,0.6174496644295302
237,2.0,1.0,35.0,93.0,75.0,0.0,0.0,0.0,0.5100671140939598
238,2.0,1.0,35.0,93.0,77.0,0.0,0.0,0.0,0.5838926174496645
239,2.0,1.0,35.0,93.0,75.0,0.0,0.0,0.0,0.610738255033557
240,2.0,1.0,35.0,120.0,75.0,0.0,0.0,0.0,0.6174496644295302
241,2.0,1.0,35.0,93.0,75.0,0.0,0.0,0.0,0.6174496644295302
242,2.0,1.0,35.0,93.0,75.0,0.0,0.0,0.0,0.6241610738255033
243,2.0,1.0,80.0,35.0,75.0,0.0,0.0,0.0,0.5369127516778524
244,2.0,1.0,35.0,93.0,75.0,0.0,0.0,0.0,0.5906040268456376
245,2.0,1.0,35.0,93.0,77.0,0.0,0.0,0.0,0.6174496644295302
246,2.0,1.0,35.0,93.0,75.0,0.0,0.0,0.0,0.5906040268456376
247,2.0,1.0,35.0,120.0,75.0,0.0,0.0,0.0,0.5503355704697986
248,2.0,1.0,80.0,35.0,75.0,0.0,0.0,0.0,0.6040268456375839
249,2.0,1.0,80.0,93.0,75.0,0.0,0.2,0.0,0.6241610738255033
250,2.0,1.0,35.0,120.0,75.0,0.0,0.0,0.0,0.5838926174496645
251,2.0,1.0,80.0,35.0,75.0,0.0,0.0,0.0,0.5771812080536913
252,2.0,1.0,80.0,35.0,75.0,0.0,0.0,0.0,0.6241610738255033
253,2.0,1.0,35.0,120.0,75.0,0.0,0.0,0.0,0.5771812080536913
254,2.0,1.0,80.0,35.0,75.0,0.0,0.0,0.0,0.6241610738255033
255,2.0,1.0,80.0,35.0,75.0,0.0,0.0,0.0,0.6040268456375839
256,2.0,1.0,35.0,35.0,75.0,0.0,0.0,0.0,0.6308724832214765
257,2.0,1.0,80.0,35.0,75.0,0.0,0.0,0.0,0.6174496644295302
258,2.0,1.0,35.0,120.0,75.0,0.0,0.0,0.0,0.5771812080536913
259,2.0,1.0,80.0,120.0,75.0,0.0,0.0,0.0,0.6308724832214765
260,2.0,1.0,35.0,120.0,75.0,0.0,0.0,0.0,0.6174496644295302
261,2.0,1.0,35.0,120.0,75.0,0.0,0.0,0.0,0.6174496644295302
262,2.0,1.0,80.0,35.0,75.0,0.0,0.0,0.0,0.6308724832214765
263,2.0,1.0,80.0,35.0,75.0,0.0,0.0,0.0,0.5838926174496645
264,2.0,1.0,80.0,120.0,75.0,0.0,0.0,0.0,0.610738255033557
265,2.0,1.0,80.0,35.0,75.0,0.0,0.0,0.0,0.6308724832214765
266,2.0,1.0,35.0,35.0,75.0,0.0,0.0,0.0,0.5906040268456376
267,2.0,1.0,80.0,120.0,75.0,0.0,0.0,0.0,0.5436241610738255
268,2.0,1.0,80.0,35.0,75.0,0.0,0.0,0.0,0.5570469798657718
269,2.0,1.0,35.0,35.0,75.0,0.0,0.0,0.0,0.5838926174496645
270,2.0,1.0,80.0,35.0,75.0,0.0,0.0,0.0,0.6174496644295302
271,2.0,1.0,35.0,120.0,75.0,0.0,0.0,0.0,0.5100671140939598
272,2.0,1.0,80.0,120.0,75.0,0.0,0.0,0.0,0.6241610738255033
273,2.0,1.0,80.0,35.0,75.0,0.0,0.0,0.0,0.5704697986577181
274,2.0,1.0,35.0,35.0,75.0,0.0,0.0,0.0,0.6040268456375839
275,2.0,1.0,80.0,35.0,75.0,0.0,0.0,0.0,0.6442953020134228
276,2.0,1.0,80.0,120.0,75.0,0.0,0.0,0.0,0.5771812080536913
277,2.0,1.0,80.0,35.0,75.0,0.0,0.0,0.0,0.6174496644295302
278,2.0,1.0,80.0,35.0,75.0,0.0,0.0,0.0,0.6241610738255033
279,2.0,1.0,80.0,120.0,75.0,0.0,0.0,0.0,0.6241610738255033
280,2.0,1.0,35.0,53.0,75.0,0.0,0.0,0.0,0.5167785234899329
281,2.0,1.0,80.0,35.0,75.0,0.0,0.0,0.0,0.5906040268456376
282,2.0,1.0,80.0,35.0,75.0,0.0,0.0,0.0,0.6174496644295302
283,2.0,1.0,80.0,120.0,75.0,0.0,0.0,0.0,0.6241610738255033
284,2.0,1.0,80.0,120.0,75.0,0.0,0.0,0.0,0.6241610738255033
285,2.0,1.0,80.0,35.0,75.0,0.0,0.0,0.0,0.5570469798657718
286,2.0,1.0,80.0,35.0,75.0,0.0,0.0,0.0,0.5906040268456376
287,2.0,1.0,80.0,35.0,75.0,0.0,0.0,0.0,0.6040268456375839
288,2.0,1.0,80.0,35.0,75.0,0.0,0.0,0.0,0.5704697986577181
289,2.0,1.0,80.0,35.0,75.0,0.0,0.0,0.0,0.6308724832214765
290,2.0,1.0,80.0,35.0,75.0,0.0,0.0,0.0,0.5973154362416108
291,2.0,1.0,80.0,35.0,75.0,0.0,0.0,0.0,0.5436241610738255
292,2.0,1.0,80.0,35.0,75.0,0.0,0.0,0.0,0.6308724832214765
293,2.0,1.0,80.0,35.0,75.0,0.0,0.0,0.0,0.6174496644295302
294,2.0,1.0,80.0,35.0,75.0,0.0,0.0,0.0,0.6241610738255033
295,2.0,1.0,80.0,120.0,75.0,0.0,0.0,0.0,0.5973154362416108
296,2.0,1.0,80.0,35.0,75.0,0.0,0.0,0.0,0.6040268456375839
297,2.0,1.0,80.0,35.0,75.0,0.0,0.0,0.0,0.5167785234899329
298,2.0,1.0,80.0,35.0,75.0,0.0,0.0,0.0,0.6174496644295302
299,2.0,1.0,80.0,35.0,75.0,0.0,0.0,0.0,0.5771812080536913
300,2.0,1.0,80.0,35.0,75.0,0.0,0.0,0.0,0.5973154362416108
301,2.0,1.0,80.0,35.0,75.0,0.0,0.0,0.0,0.6174496644295302
302,2.0,1.0,80.0,35.0,75.0,0.0,0.0,0.0,0.610738255033557
303,2.0,1.0,80.0,35.0,75.0,0.0,0.0,0.0,0.5436241610738255
304,2.0,1.0,80.0,35.0,75.0,0.0,0.0,0.0,0.5771812080536913
305,2.0,1.0,80.0,35.0,75.0,0.0,0.0,0.0,0.6241610738255033
306,2.0,1.0,80.0,35.0,75.0,0.0,0.0,0.0,0.47651006711409394
307,2.0,1.0,80.0,35.0,75.0,0.0,0.0,0.0,0.6241610738255033
308,2.0,1.0,80.0,35.0,75.0,0.0,0.0,0.0,0.5704697986577181
309,2.0,1.0,80.0,35.0,75.0,0.0,0.0,0.0,0.6040268456375839
310,2.0,1.0,80.0,35.0,75.0,0.0,0.0,0.0,0.6174496644295302
311,2.0,1.0,80.0,35.0,75.0,0.0,0.0,0.0,0.6241610738255033
312,2.0,1.0,80.0,39.0,75.0,0.0,0.0,0.0,0.6040268456375839
313,2.0,1.0,80.0,35.0,75.0,0.0,0.0,0.0,0.6241610738255033
314,2.0,1.0,80.0,35.0,75.0,0.0,0.0,0.0,0.6308724832214765
315,2.0,1.0,80.0,35.0,75.0,0.0,0.0,0.0,0.6241610738255033
316,2.0,1.0,80.0,35.0,75.0,0.0,0.0,0.0,0.5637583892617449
317,2.0,1.0,80.0,35.0,75.0,0.0,0.0,0.0,0.6241610738255033
318,2.0,1.0,80.0,35.0,75.0,0.0,0.0,0.0,0.5906040268456376
319,2.0,1.0,80.0,35.0,75.0,0.0,0.0,0.0,0.6040268456375839
320,2.0,1.0,80.0,35.0,75.0,0.0,0.0,0.0,0.6040268456375839
321,2.0,1.0,80.0,35.0,75.0,0.0,0.0,0.0,0.6241610738255033
322,2.0,1.0,80.0,35.0,75.0,0.0,0.0,0.0,0.5302013422818792
323,2.0,1.0,80.0,35.0,75.0,0.0,0.0,0.0,0.6174496644295302
324,2.0,1.0,80.0,88.0,75.0,0.0,0.0,0.0,0.610738255033557
325,2.0,1.0,80.0,35.0,75.0,0.0,0.0,0.0,0.6174496644295302
326,2.0,1.0,80.0,35.0,75.0,0.0,0.0,0.0,0.6040268456375839
327,2.0,1.0,80.0,39.0,75.0,0.0,0.0,0.0,0.5167785234899329
328,2.0,1.0,80.0,35.0,75.0,0.0,0.0,0.0,0.6174496644295302
329,2.0,1.0,80.0,35.0,75.0,0.0,0.0,0.0,0.5973154362416108
330,2.0,1.0,80.0,35.0,75.0,0.0,0.0,0.0,0.6308724832214765
331,2.0,1.0,80.0,35.0,75.0,0.0,0.0,0.0,0.610738255033557
332,2.0,1.0,80.0,35.0,75.0,0.0,0.0,0.0,0.6174496644295302
333,2.0,1.0,80.0,88.0,75.0,0.0,0.0,0.0,0.6174496644295302
334,2.0,1.0,80.0,35.0,75.0,0.0,0.0,0.0,0.6174496644295302
335,2.0,1.0,80.0,88.0,75.0,0.0,0.0,0.0,0.610738255033557
336,2.0,1.0,80.0,88.0,75.0,0.0,0.0,0.0,0.6241610738255033
337,2.0,1.0,80.0,35.0,75.0,0.0,0.0,0.0,0.5771812080536913
338,2.0,1.0,80.0,54.0,75.0,0.0,0.0,0.0,0.5906040268456376
339,2.0,1.0,80.0,35.0,75.0,0.0,0.0,0.0,0.6174496644295302
340,2.0,1.0,80.0,35.0,75.0,0.0,0.0,0.0,0.6174496644295302
341,2.0,1.0,80.0,88.0,75.0,0.0,0.0,0.0,0.5973154362416108
342,2.0,1.0,80.0,35.0,75.0,0.0,0.0,0.0,0.5838926174496645
343,2.0,1.0,80.0,88.0,75.0,0.0,0.0,0.0,0.5838926174496645
344,2.0,1.0,80.0,35.0,75.0,0.0,0.0,0.0,0.6040268456375839
345,2.0,1.0,80.0,88.0,75.0,0.0,0.0,0.0,0.6308724832214765
346,2.0,1.0,80.0,88.0,75.0,0.0,0.0,0.0,0.5906040268456376
347,2.0,1.0,80.0,35.0,75.0,0.0,0.0,0.0,0.610738255033557
348,2.0,1.0,80.0,88.0,75.0,0.0,0.0,0.0,0.5973154362416108
349,2.0,1.0,80.0,35.0,75.0,0.0,0.0,0.0,0.5570469798657718
350,2.0,1.0,80.0,88.0,75.0,0.0,0.0,0.0,0.610738255033557
351,2.0,1.0,80.0,88.0,75.0,0.0,0.0,0.0,0.6308724832214765
352,2.0,1.0,80.0,35.0,75.0,0.0,0.0,0.0,0.5100671140939598
353,2.0,1.0,80.0,35.0,75.0,0.0,0.0,0.0,0.6375838926174496
354,2.0,1.0,80.0,35.0,75.0,0.0,0.0,0.0,0.5637583892617449
355,2.0,1.0,80.0,88.0,75.0,0.0,0.0,0.0,0.6308724832214765
356,2.0,1.0,80.0,35.0,75.0,0.0,0.0,0.0,0.5637583892617449
357,2.0,1.0,80.0,35.0,75.0,0.0,0.0,0.0,0.6174496644295302
358,2.0,1.0,80.0,88.0,75.0,0.0,0.0,0.0,0.6308724832214765
359,2.0,1.0,80.0,88.0,75.0,0.0,0.0,0.0,0.610738255033557
360,2.0,1.0,80.0,88.0,75.0,0.0,0.0,0.0,0.6241610738255033
361,2.0,1.0,80.0,35.0,75.0,0.0,0.0,0.0,0.6308724832214765
362,2.0,1.0,80.0,35.0,75.0,0.0,0.0,0.0,0.6308724832214765
363,2.0,1.0,80.0,35.0,75.0,0.0,0.0,0.0,0.5100671140939598
364,2.0,1.0,80.0,35.0,75.0,0.0,0.0,0.0,0.5906040268456376
365,2.0,1.0,80.0,35.0,75.0,0.0,0.0,0.0,0.6241610738255033
366,2.0,1.0,80.0,35.0,75.0,0.0,0.0,0.0,0.5637583892617449
367,2.0,1.0,80.0,88.0,75.0,0.0,0.0,0.0,0.5302013422818792
368,2.0,1.0,80.0,35.0,75.0,0.0,0.0,0.0,0.6174496644295302
369,2.0,1.0,80.0,35.0,75.0,0.0,0.0,0.0,0.6174496644295302
370,2.0,1.0,80.0,35.0,75.0,0.0,0.0,0.0,0.5906040268456376
371,2.0,1.0,80.0,35.0,75.0,0.0,0.0,0.0,0.6308724832214765
372,2.0,1.0,80.0,35.0,75.0,0.0,0.0,0.0,0.6308724832214765
373,2.0,1.0,80.0,35.0,75.0,0.0,0.0,0.0,0.6040268456375839
374,2.0,1.0,80.0,35.0,75.0,0.0,0.0,0.0,0.6174496644295302
375,2.0,1.0,80.0,88.0,75.0,0.0,0.0,0.0,0.5838926174496645
376,2.0,1.0,80.0,35.0,75.0,0.0,0.0,0.0,0.6442953020134228
377,2.0,1.0,80.0,35.0,75.0,0.0,0.0,0.0,0.610738255033557
378,2.0,1.0,80.0,35.0,75.0,0.0,0.0,0.0,0.5436241610738255
379,2.0,1.0,80.0,35.0,75.0,0.0,0.0,0.0,0.610738255033557
380,2.0,1.0,80.0,35.0,75.0,0.0,0.0,0.0,0.6241610738255033
381,2.0,1.0,80.0,35.0,75.0,0.0,0.0,0.0,0.6308724832214765
382,2.0,1.0,80.0,35.0,75.0,0.0,0.0,0.0,0.6241610738255033
383,2.0,1.0,80.0,35.0,75.0,0.0,0.0,0.0,0.6040268456375839
384,2.0,1.0,80.0,35.0,75.0,0.0,0.0,0.0,0.6375838926174496
385,2.0,1.0,80.0,35.0,75.0,0.0,0.0,0.0,0.6241610738255033
386,2.0,1.0,80.0,35.0,75.0,0.0,0.0,0.0,0.6040268456375839
387,2.0,1.0,80.0,35.0,75.0,0.0,0.0,0.0,0.5906040268456376
388,2.0,1.0,80.0,35.0,75.0,0.0,0.0,0.0,0.6040268456375839
389,2.0,1.0,80.0,35.0,75.0,0.0,0.0,0.0,0.6174496644295302
390,2.0,1.0,80.0,35.0,75.0,0.0,0.0,0.0,0.48322147651006714
391,2.0,1.0,80.0,35.0,75.0,0.0,0.0,0.0,0.6174496644295302
392,2.0,1.0,80.0,35.0,75.0,0.0,0.0,0.0,0.6174496644295302
393,2.0,1.0,80.0,35.0,75.0,0.0,0.0,0.0,0.6174496644295302
394,2.0,1.0,80.0,35.0,75.0,0.0,0.0,0.0,0.6308724832214765
395,2.0,1.0,80.0,35.0,75.0,0.0,0.0,0.0,0.48322147651006714
396,2.0,1.0,80.0,35.0,75.0,0.0,0.0,0.0,0.6040268456375839
397,2.0,1.0,80.0,35.0,75.0,0.0,0.0,0.0,0.5973154362416108
398,2.0,1.0,61.0,35.0,75.0,0.0,0.0,0.0,0.6375838926174496
399,2.0,1.0,80.0,35.0,75.0,0.0,0.0,0.0,0.6308724832214765
